shell_id,L,primitive_id,exponent,coefficient
0,S,0,3.425250914,0.1543289673
0,S,1,0.6239137298,0.5353281423
0,S,2,0.168855404,0.4446345422
