shell_id,L,primitive_id,exponent,coefficient
0,S,0,6.362421394,0.1543289673
0,S,1,1.158922999,0.5353281423
0,S,2,0.3136497915,0.4446345422
