shell_id,L,primitive_id,exponent,coefficient
0,S,0,18.73113696,0.03349460434
0,S,1,2.825394365,0.2347269535
0,S,2,0.6401216923,0.8137573261
1,S,0,0.1612777588,1
