shell_id,L,primitive_id,exponent,coefficient
0,S,0,38.421634,0.04013973935
0,S,1,5.77803,0.261246097
0,S,2,1.241774,0.7931846246
1,S,0,0.297964,1
